year,make,model,trim,excess wear and tear,ROAD key replacement,3-in-1,tire and wheel
2019,Acura,ILX,Base,,,,
2019,Acura,ILX,w/Premium,,,,
2019,Acura,ILX,w/Premium w/A-SPEC,,,,
2019,Acura,ILX,w/Tech,,,,
2019,Acura,ILX,w/Tech w/A-SPEC,,,,
2019,Acura,MDX,Base,,,,
2019,Acura,MDX,SH-AWD,,,,
2019,Acura,MDX,SH-AWD Sport Hybrid w/Advance,,,,
2019,Acura,MDX,SH-AWD Sport Hybrid w/Tech,,,,
2019,Acura,MDX,SH-AWD w/Advance,,,,
2019,Acura,MDX,SH-AWD w/Advance w/RES,,,,
2019,Acura,MDX,SH-AWD w/Tech,,,,
2019,Acura,MDX,SH-AWD w/Tech w/A-SPEC,,,,
2019,Acura,MDX,SH-AWD w/Tech w/RES,,,,
2019,Acura,MDX,w/Advance,,,,
2019,Acura,MDX,w/Advance w/RES,,,,
2019,Acura,MDX,w/Tech,,,,
2019,Acura,MDX,w/Tech w/RES,,,,
2019,Acura,RDX,Base,,,,
2019,Acura,RDX,SH-AWD,,,,
2019,Acura,RDX,SH-AWD w/Advance,,,,
2019,Acura,RDX,SH-AWD w/A-SPEC,,,,
2019,Acura,RDX,SH-AWD w/Tech,,,,
2019,Acura,RDX,w/Advance,,,,
2019,Acura,RDX,w/A-SPEC,,,,
2019,Acura,RDX,w/Tech,,,,
2019,Acura,RLX,SH-AWD Sport Hybrid w/Advance,,,,
2019,Acura,RLX,w/Tech,,,,
2019,Acura,TLX,Base,,,,
2019,Acura,TLX,SH-AWD V6,,,,
2019,Acura,TLX,SH-AWD V6 w/Advance,,,,
2019,Acura,TLX,SH-AWD V6 w/Tech,,,,
2019,Acura,TLX,SH-AWD V6 w/Tech w/A-SPEC,,,,
2019,Acura,TLX,V6,,,,
2019,Acura,TLX,V6 w/Advance,,,,
2019,Acura,TLX,V6 w/Tech,,,,
2019,Acura,TLX,V6 w/Tech w/A-SPEC,,,,
2019,Acura,TLX,w/Tech,,,,
2019,Acura,TLX,w/Tech w/A-SPEC,,,,
2019,Alfa Romeo,Giulia,Base,,,,
2019,Alfa Romeo,Giulia,Sport,,,,
2019,Alfa Romeo,Giulia,Ti,,,,
2019,Alfa Romeo,Giulia,Ti Lusso,,,,
2019,Alfa Romeo,Giulia,Ti Sport,,,,
2019,Alfa Romeo,Giulia,Ti Sport Carbon,,,,
2019,Alfa Romeo,Giulia Quadrifoglio,Base,,,,
2019,Alfa Romeo,Stelvio,Base,,,,
2019,Alfa Romeo,Stelvio,Sport,,,,
2019,Alfa Romeo,Stelvio,Ti,,,,
2019,Alfa Romeo,Stelvio,Ti Lusso,,,,
2019,Alfa Romeo,Stelvio,Ti Sport,,,,
2019,Alfa Romeo,Stelvio Quadrifoglio,Base,,,,
2019,Audi,A3,2.0T Premium,,,,
2019,Audi,A3,2.0T Premium Plus,,,,
2019,Audi,A3,2.0T quattro Premium,,,,
2019,Audi,A3,2.0T quattro Premium Plus,,,,
2019,Audi,A4,2.0T Premium,,,,
2019,Audi,A4,2.0T Premium Plus,,,,
2019,Audi,A4,2.0T quattro Premium,,,,
2019,Audi,A4,2.0T quattro Premium Plus,,,,
2019,Audi,A4,2.0T quattro Prestige,,,,
2019,Audi,A5,2.0T quattro Premium,,,,
2019,Audi,A5,2.0T quattro Premium Plus,,,,
2019,Audi,A5,2.0T quattro Prestige,,,,
2019,Audi,A5 Sportback,2.0T quattro Premium,,,,
2019,Audi,A5 Sportback,2.0T quattro Premium Plus,,,,
2019,Audi,A5 Sportback,2.0T quattro Prestige,,,,
2019,Audi,A6,3.0T quattro Premium,,,,
2019,Audi,A6,3.0T quattro Premium Plus,,,,
2019,Audi,A6,3.0T quattro Prestige,,,,
2019,Audi,A7,3.0T quattro Premium,,,,
2019,Audi,A7,3.0T quattro Premium Plus,,,,
2019,Audi,A7,3.0T quattro Prestige,,,,
2019,Audi,A8 L,3.0T quattro,,,,
2019,Audi,Q5,2.0T quattro Premium,,,,
2019,Audi,Q5,2.0T quattro Premium Plus,,,,
2019,Audi,Q5,2.0T quattro Prestige,,,,
2019,Audi,Q7,2.0T quattro Premium,,,,
2019,Audi,Q7,2.0T quattro Premium Plus,,,,
2019,Audi,Q7,3.0T quattro Premium,,,,
2019,Audi,Q7,3.0T quattro Premium Plus,,,,
2019,Audi,Q7,3.0T quattro Prestige,,,,
2019,Audi,Q8,3.0T quattro Premium,,,,
2019,Audi,Q8,3.0T quattro Premium Plus,,,,
2019,Audi,Q8,3.0T quattro Prestige,,,,
2019,Audi,RS 5,2.9T quattro,,,,
2019,Audi,RS 5 Sportback,2.9T quattro,,,,
2019,Audi,S4,3.0T quattro Premium Plus,,,,
2019,Audi,S4,3.0T quattro Prestige,,,,
2019,Audi,S5,3.0T quattro Premium Plus,,,,
2019,Audi,S5,3.0T quattro Prestige,,,,
2019,Audi,S5 Sportback,3.0T quattro Premium,,,,
2019,Audi,S5 Sportback,3.0T quattro Premium Plus,,,,
2019,Audi,S5 Sportback,3.0T quattro Prestige,,,,
2019,Audi,SQ5,3.0T quattro Premium,,,,
2019,Audi,SQ5,3.0T quattro Premium Plus,,,,
2019,Audi,SQ5,3.0T quattro Prestige,,,,
2019,Audi,TT,2.0T quattro,,,,
2019,BMW,2 Series,230i,,,,
2019,BMW,2 Series,230i xDrive,,,,
2019,BMW,2 Series,M240i,,,,
2019,BMW,2 Series,M240i xDrive,,,,
2019,BMW,3 Series,330i,,,,
2019,BMW,3 Series,330i xDrive,,,,
2019,BMW,3 Series,330i xDrive Gran Turismo,,,,
2019,BMW,4 Series,430i,,,,
2019,BMW,4 Series,430i Gran Coupe,,,,
2019,BMW,4 Series,430i xDrive,,,,
2019,BMW,4 Series,430i xDrive Gran Coupe,,,,
2019,BMW,4 Series,440i,,,,
2019,BMW,4 Series,440i Gran Coupe,,,,
2019,BMW,4 Series,440i xDrive,,,,
2019,BMW,4 Series,440i xDrive Gran Coupe,,,,
2019,BMW,5 Series,530e iPerformance,,,,
2019,BMW,5 Series,530e xDrive iPerformance,,,,
2019,BMW,5 Series,530i,,,,
2019,BMW,5 Series,530i xDrive,,,,
2019,BMW,5 Series,540i,,,,
2019,BMW,5 Series,540i xDrive,,,,
2019,BMW,5 Series,M550i xDrive,,,,
2019,BMW,6 Series,640i xDrive Gran Turismo,,,,
2019,BMW,7 Series,740e xDrive iPerformance,,,,
2019,BMW,7 Series,740i,,,,
2019,BMW,7 Series,740i xDrive,,,,
2019,BMW,7 Series,750i,,,,
2019,BMW,7 Series,750i xDrive,,,,
2019,BMW,7 Series,ALPINA B7 xDrive,,,,
2019,BMW,7 Series,M760i xDrive,,,,
2019,BMW,8 Series,M850i xDrive,,,,
2019,BMW,i3,Base,,,,
2019,BMW,i3,s,,,,
2019,BMW,i8,Base,,,,
2019,BMW,M4,Base,,,,
2019,BMW,M4,CS,,,,
2019,BMW,X1,sDrive28i,,,,
2019,BMW,X1,xDrive28i,,,,
2019,BMW,X2,M35i,,,,
2019,BMW,X2,sDrive28i,,,,
2019,BMW,X2,xDrive28i,,,,
2019,BMW,X3,M40i,,,,
2019,BMW,X3,sDrive30i,,,,
2019,BMW,X3,xDrive30i,,,,
2019,BMW,X4,M40i,,,,
2019,BMW,X4,xDrive30i,,,,
2019,BMW,X5,xDrive40i,,,,
2019,BMW,X5,xDrive50i,,,,
2019,BMW,X6,sDrive35i,,,,
2019,BMW,X6,xDrive35i,,,,
2019,BMW,X6,xDrive50i,,,,
2019,Buick,Cascada,Premium,,,,
2019,Buick,Cascada,Sport Touring,,,,
2019,Buick,Enclave,Avenir,,,,
2019,Buick,Enclave,Essence,,,,
2019,Buick,Enclave,Preferred,,,,
2019,Buick,Enclave,Premium,,,,
2019,Buick,Encore,Base,,,,
2019,Buick,Encore,Essence,,,,
2019,Buick,Encore,Preferred,,,,
2019,Buick,Encore,Sport Touring,,,,
2019,Buick,Envision,Essence,,,,
2019,Buick,Envision,Preferred,,,,
2019,Buick,Envision,Premium,,,,
2019,Buick,Envision,Premium II,,,,
2019,Buick,LaCrosse,Avenir,,,,
2019,Buick,LaCrosse,Essence,,,,
2019,Buick,LaCrosse,Preferred,,,,
2019,Buick,LaCrosse,Sport Touring,,,,
2019,Buick,Regal Sportback,Avenir,,,,
2019,Buick,Regal Sportback,Essence,,,,
2019,Buick,Regal Sportback,GS,,,,
2019,Buick,Regal Sportback,Preferred,,,,
2019,Buick,Regal Sportback,Preferred II,,,,
2019,Buick,Regal TourX,Essence,,,,
2019,Buick,Regal TourX,Preferred,,,,
2019,Cadillac,ATS,2.0T,,,,
2019,Cadillac,ATS,2.0T Luxury,,,,
2019,Cadillac,CT6,2.0T Luxury,,,,
2019,Cadillac,CT6,3.0TT Platinum,,,,
2019,Cadillac,CT6,3.0TT Sport,,,,
2019,Cadillac,CT6,3.6L Luxury,,,,
2019,Cadillac,CT6,3.6L Premium Luxury,,,,
2019,Cadillac,CTS,2.0T,,,,
2019,Cadillac,CTS,2.0T Luxury,,,,
2019,Cadillac,CTS,3.6L Luxury,,,,
2019,Cadillac,CTS,3.6L Premium Luxury,,,,
2019,Cadillac,CTS,3.6L TT Vsport,,,,
2019,Cadillac,CTS,3.6L TT Vsport Premium Luxury,,,,
2019,Cadillac,CTS-V,Base,,,,
2019,Cadillac,Escalade,Luxury,,,,
2019,Cadillac,Escalade,Platinum,,,,
2019,Cadillac,Escalade,Premium Luxury,,,,
2019,Cadillac,Escalade,Standard,,,,
2019,Cadillac,Escalade ESV,Luxury,,,,
2019,Cadillac,Escalade ESV,Platinum,,,,
2019,Cadillac,Escalade ESV,Premium Luxury,,,,
2019,Cadillac,Escalade ESV,Standard,,,,
2019,Cadillac,XT4,Luxury,,,,
2019,Cadillac,XT4,Premium Luxury,,,,
2019,Cadillac,XT4,Sport,,,,
2019,Cadillac,XT5,Base,,,,
2019,Cadillac,XT5,Luxury,,,,
2019,Cadillac,XT5,Platinum,,,,
2019,Cadillac,XT5,Premium Luxury,,,,
2019,Cadillac,XTS,Luxury,,,,
2019,Cadillac,XTS,Platinum,,,,
2019,Cadillac,XTS,Premium Luxury,,,,
2019,Cadillac,XTS,Standard,,,,
2019,Chevrolet,Blazer,L,,,,
2019,Chevrolet,Blazer,LT Cloth,,,,
2019,Chevrolet,Blazer,LT Leather,,,,
2019,Chevrolet,Blazer,Premier,,,,
2019,Chevrolet,Blazer,RS,,,,
2019,Chevrolet,Bolt EV,LT,,,,
2019,Chevrolet,Bolt EV,Premier,,,,
2019,Chevrolet,Camaro,LS,,,,
2019,Chevrolet,Camaro,LT,,,,
2019,Chevrolet,Camaro,SS,,,,
2019,Chevrolet,Camaro,ZL1,,,,
2019,Chevrolet,Colorado,Base,,,,
2019,Chevrolet,Colorado,LT,,,,
2019,Chevrolet,Colorado,Work Truck,,,,
2019,Chevrolet,Colorado,Z71,,,,
2019,Chevrolet,Colorado,ZR2,,,,
2019,Chevrolet,Corvette,Grand Sport,,,,
2019,Chevrolet,Corvette,Stingray,,,,
2019,Chevrolet,Corvette,Stingray Z51,,,,
2019,Chevrolet,Corvette,Z06,,,,
2019,Chevrolet,Corvette,ZR1,,,,
2019,Chevrolet,Cruze,Diesel,,,,
2019,Chevrolet,Cruze,LS,,,,
2019,Chevrolet,Cruze,LT,,,,
2019,Chevrolet,Cruze,Premier,,,,
2019,Chevrolet,Equinox,LS,,,,
2019,Chevrolet,Equinox,LT,,,,
2019,Chevrolet,Equinox,Premier,,,,
2019,Chevrolet,Express Cargo,2500,,,,
2019,Chevrolet,Express Cargo,3500,,,,
2019,Chevrolet,Express Passenger,LT 2500,,,,
2019,Chevrolet,Express Passenger,LT 3500,,,,
2019,Chevrolet,Impala,LS,,,,
2019,Chevrolet,Impala,LT,,,,
2019,Chevrolet,Impala,Premier,,,,
2019,Chevrolet,Malibu,Hybrid,,,,
2019,Chevrolet,Malibu,LS,,,,
2019,Chevrolet,Malibu,LT,,,,
2019,Chevrolet,Malibu,Premier,,,,
2019,Chevrolet,Malibu,RS,,,,
2019,Chevrolet,Silverado 1500,Custom,,,,
2019,Chevrolet,Silverado 1500,Custom Trail Boss,,,,
2019,Chevrolet,Silverado 1500,High Country,,,,
2019,Chevrolet,Silverado 1500,LT,,,,
2019,Chevrolet,Silverado 1500,LT Trail Boss,,,,
2019,Chevrolet,Silverado 1500,LTZ,,,,
2019,Chevrolet,Silverado 1500,RST,,,,
2019,Chevrolet,Silverado 1500,Work Truck,,,,
2019,Chevrolet,Silverado 1500 LD,Custom,,,,
2019,Chevrolet,Silverado 1500 LD,LT,,,,
2019,Chevrolet,Silverado 1500 LD,LT Z71,,,,
2019,Chevrolet,Silverado 1500 LD,Work Truck,,,,
2019,Chevrolet,Silverado 1500 Legacy,Custom,,,,
2019,Chevrolet,Silverado 1500 Legacy,LT,,,,
2019,Chevrolet,Silverado 1500 Legacy,LT Z71,,,,
2019,Chevrolet,Silverado 1500 Legacy,Work Truck,,,,
2019,Chevrolet,Silverado 2500HD,High Country,,,,
2019,Chevrolet,Silverado 2500HD,LT,,,,
2019,Chevrolet,Silverado 2500HD,LTZ,,,,
2019,Chevrolet,Silverado 2500HD,Work Truck,,,,
2019,Chevrolet,Silverado 3500HD,High Country,,,,
2019,Chevrolet,Silverado 3500HD,LT,,,,
2019,Chevrolet,Silverado 3500HD,LTZ,,,,
2019,Chevrolet,Silverado 3500HD,Work Truck,,,,
2019,Chevrolet,Sonic,LS Auto,,,,
2019,Chevrolet,Sonic,LT Auto,,,,
2019,Chevrolet,Sonic,Premier Auto,,,,
2019,Chevrolet,Spark,1LT CVT,,,,
2019,Chevrolet,Spark,1LT Manual,,,,
2019,Chevrolet,Spark,2LT CVT,,,,
2019,Chevrolet,Spark,LS CVT,,,,
2019,Chevrolet,Spark,LS Manual,,,,
2019,Chevrolet,Suburban,LS 1500,,,,
2019,Chevrolet,Suburban,LT 1500,,,,
2019,Chevrolet,Suburban,Premier 1500,,,,
2019,Chevrolet,Tahoe,LS,,,,
2019,Chevrolet,Tahoe,LT,,,,
2019,Chevrolet,Tahoe,Premier,,,,
2019,Chevrolet,Traverse,High Country,,,,
2019,Chevrolet,Traverse,LS,,,,
2019,Chevrolet,Traverse,LT Cloth,,,,
2019,Chevrolet,Traverse,LT Leather,,,,
2019,Chevrolet,Traverse,Premier,,,,
2019,Chevrolet,Traverse,RS,,,,
2019,Chevrolet,Trax,LS,,,,
2019,Chevrolet,Trax,LT,,,,
2019,Chevrolet,Trax,Premier,,,,
2019,Chevrolet,Volt,LT,,,,
2019,Chevrolet,Volt,Premier,,,,
2019,Chrysler,300,C,,,,
2019,Chrysler,300,Limited,,,,
2019,Chrysler,300,S,,,,
2019,Chrysler,300,Touring,,,,
2019,Chrysler,300,Touring L,,,,
2019,Chrysler,Pacifica,L,,,,
2019,Chrysler,Pacifica,Limited,,,,
2019,Chrysler,Pacifica,LX,,,,
2019,Chrysler,Pacifica,Touring L,,,,
2019,Chrysler,Pacifica,Touring L Plus,,,,
2019,Chrysler,Pacifica,Touring Plus,,,,
2019,Chrysler,Pacifica Hybrid,Limited,,,,
2019,Chrysler,Pacifica Hybrid,Touring L,,,,
2019,Chrysler,Pacifica Hybrid,Touring Plus,,,,
2019,Dodge,Challenger,GT,,,,
2019,Dodge,Challenger,R/T,,,,
2019,Dodge,Challenger,R/T Scat Pack,,,,
2019,Dodge,Challenger,SRT Hellcat,,,,
2019,Dodge,Challenger,SRT Hellcat Redeye,,,,
2019,Dodge,Challenger,SXT,,,,
2019,Dodge,Charger,GT,,,,
2019,Dodge,Charger,R/T,,,,
2019,Dodge,Charger,R/T Scat Pack,,,,
2019,Dodge,Charger,SRT Hellcat,,,,
2019,Dodge,Charger,SXT,,,,
2019,Dodge,Durango,Citadel,,,,
2019,Dodge,Durango,Citadel Anodized Platinum,,,,
2019,Dodge,Durango,GT,,,,
2019,Dodge,Durango,GT Plus,,,,
2019,Dodge,Durango,R/T,,,,
2019,Dodge,Durango,SRT,,,,
2019,Dodge,Durango,SXT,,,,
2019,Dodge,Durango,SXT Plus,,,,
2019,Dodge,Grand Caravan,SE,,,,
2019,Dodge,Grand Caravan,SE Plus,,,,
2019,Dodge,Grand Caravan,SXT,,,,
2019,Dodge,Journey,Crossroad,,,,
2019,Dodge,Journey,GT,,,,
2019,Dodge,Journey,SE,,,,
2019,Dodge,Journey,SE Value Package,,,,
2019,FIAT,124 Spider,Abarth,,,,
2019,FIAT,124 Spider,Classica,,,,
2019,FIAT,124 Spider,Lusso,,,,
2019,FIAT,500L,Lounge,,,,
2019,FIAT,500L,Pop,,,,
2019,FIAT,500L,Trekking,,,,
2019,FIAT,500L,Urbana,,,,
2019,Ford,EcoSport,S,,,,
2019,Ford,EcoSport,SE,,,,
2019,Ford,EcoSport,SES,,,,
2019,Ford,EcoSport,Titanium,,,,
2019,Ford,Edge,SE,,,,
2019,Ford,Edge,SEL,,,,
2019,Ford,Edge,ST,,,,
2019,Ford,Edge,Titanium,,,,
2019,Ford,Escape,S,,,,
2019,Ford,Escape,SE,,,,
2019,Ford,Escape,SEL,,,,
2019,Ford,Escape,Titanium,,,,
2019,Ford,Expedition,Limited,,,,
2019,Ford,Expedition,Platinum,,,,
2019,Ford,Expedition,XLT,,,,
2019,Ford,Expedition MAX,Limited,,,,
2019,Ford,Expedition MAX,Platinum,,,,
2019,Ford,Expedition MAX,XLT,,,,
2019,Ford,Explorer,Base,,,,
2019,Ford,Explorer,Limited,,,,
2019,Ford,Explorer,Platinum,,,,
2019,Ford,Explorer,Sport,,,,
2019,Ford,Explorer,XLT,,,,
2019,Ford,F-150,King Ranch,,,,
2019,Ford,F-150,Lariat,,,,
2019,Ford,F-150,Limited,,,,
2019,Ford,F-150,Platinum,,,,
2019,Ford,F-150,Police Responder,,,,
2019,Ford,F-150,Raptor,,,,
2019,Ford,F-150,XL,,,,
2019,Ford,F-150,XLT,,,,
2019,Ford,F-250 Super Duty,King Ranch,,,,
2019,Ford,F-250 Super Duty,Lariat,,,,
2019,Ford,F-250 Super Duty,Limited,,,,
2019,Ford,F-250 Super Duty,Platinum,,,,
2019,Ford,F-250 Super Duty,XL,,,,
2019,Ford,F-250 Super Duty,XLT,,,,
2019,Ford,F-350 Super Duty,King Ranch,,,,
2019,Ford,F-350 Super Duty,Lariat,,,,
2019,Ford,F-350 Super Duty,Limited,,,,
2019,Ford,F-350 Super Duty,Platinum,,,,
2019,Ford,F-350 Super Duty,XL,,,,
2019,Ford,F-350 Super Duty,XLT,,,,
2019,Ford,Fiesta,S,,,,
2019,Ford,Fiesta,SE,,,,
2019,Ford,Fiesta,ST,,,,
2019,Ford,Fiesta,ST Line,,,,
2019,Ford,Flex,Limited,,,,
2019,Ford,Flex,SE,,,,
2019,Ford,Flex,SEL,,,,
2019,Ford,Fusion,S,,,,
2019,Ford,Fusion,SE,,,,
2019,Ford,Fusion,SEL,,,,
2019,Ford,Fusion,Titanium,,,,
2019,Ford,Fusion,V6 Sport,,,,
2019,Ford,Fusion Energi,Titanium,,,,
2019,Ford,Fusion Hybrid,SE,,,,
2019,Ford,Fusion Hybrid,SEL,,,,
2019,Ford,Fusion Hybrid,Titanium,,,,
2019,Ford,Mustang,BULLITT,,,,
2019,Ford,Mustang,EcoBoost,,,,
2019,Ford,Mustang,EcoBoost Premium,,,,
2019,Ford,Mustang,GT,,,,
2019,Ford,Mustang,GT Premium,,,,
2019,Ford,Mustang,Shelby GT350,,,,
2019,Ford,Ranger,Lariat,,,,
2019,Ford,Ranger,XLT,,,,
2019,Ford,Taurus,Limited,,,,
2019,Ford,Taurus,SE,,,,
2019,Ford,Taurus,SEL,,,,
2019,Ford,Transit Cargo,150,,,,
2019,Ford,Transit Cargo,250,,,,
2019,Ford,Transit Cargo,350,,,,
2019,Ford,Transit Cargo,350 HD,,,,
2019,Ford,Transit Connect Cargo,XL,,,,
2019,Ford,Transit Connect Cargo,XLT,,,,
2019,Ford,Transit Connect Wagon,Titanium,,,,
2019,Ford,Transit Connect Wagon,XL,,,,
2019,Ford,Transit Connect Wagon,XLT,,,,
2019,Ford,Transit Passenger,150 XL,,,,
2019,Ford,Transit Passenger,150 XLT,,,,
2019,Ford,Transit Passenger,350 XL,,,,
2019,Ford,Transit Passenger,350 XLT,,,,
2019,Genesis,G70,2.0T Advanced,,,,
2019,Genesis,G70,2.0T Sport,,,,
2019,Genesis,G70,3.3T Advanced,,,,
2019,Genesis,G70,3.3T Design Edition,,,,
2019,Genesis,G80,3.3T Sport,,,,
2019,Genesis,G80,3.8L,,,,
2019,Genesis,G80,5.0L Ultimate,,,,
2019,Genesis,G90,3.3T Premium,,,,
2019,Genesis,G90,5.0L Ultimate,,,,
2019,GMC,Acadia,Denali,,,,
2019,GMC,Acadia,SLE-1,,,,
2019,GMC,Acadia,SLE-2,,,,
2019,GMC,Acadia,SLT-1,,,,
2019,GMC,Acadia,SLT-2,,,,
2019,GMC,Canyon,All Terrain,,,,
2019,GMC,Canyon,Base,,,,
2019,GMC,Canyon,Denali,,,,
2019,GMC,Canyon,SL,,,,
2019,GMC,Canyon,SLE,,,,
2019,GMC,Canyon,SLT,,,,
2019,GMC,Savana Cargo,2500,,,,
2019,GMC,Sierra 1500,AT4,,,,
2019,GMC,Sierra 1500,Base,,,,
2019,GMC,Sierra 1500,Denali,,,,
2019,GMC,Sierra 1500,Elevation,,,,
2019,GMC,Sierra 1500,SLE,,,,
2019,GMC,Sierra 1500,SLT,,,,
2019,GMC,Sierra 1500 Limited,Base,,,,
2019,GMC,Sierra 1500 Limited,SLE,,,,
2019,GMC,Sierra 2500HD,Base,,,,
2019,GMC,Sierra 2500HD,Denali,,,,
2019,GMC,Sierra 2500HD,SLE,,,,
2019,GMC,Sierra 2500HD,SLT,,,,
2019,GMC,Sierra 3500HD,Base,,,,
2019,GMC,Sierra 3500HD,Denali,,,,
2019,GMC,Terrain,Denali,,,,
2019,GMC,Terrain,SL,,,,
2019,GMC,Terrain,SLE,,,,
2019,GMC,Terrain,SLE Diesel,,,,
2019,GMC,Terrain,SLT,,,,
2019,GMC,Yukon,Denali,,,,
2019,GMC,Yukon,SLE,,,,
2019,GMC,Yukon,SLT,,,,
2019,GMC,Yukon,SLT Standard Edition,,,,
2019,GMC,Yukon XL,Denali,,,,
2019,GMC,Yukon XL,SLE 1500,,,,
2019,GMC,Yukon XL,SLT 1500,,,,
2019,GMC,Yukon XL,SLT 1500 Standard Edition,,,,
2019,Honda,Accord,EX,,,,
2019,Honda,Accord,EX-L,,,,
2019,Honda,Accord,LX,,,,
2019,Honda,Accord,Sport,,,,
2019,Honda,Accord,Touring,,,,
2019,Honda,Accord Hybrid,Base,,,,
2019,Honda,Accord Hybrid,EX,,,,
2019,Honda,Accord Hybrid,EX-L,,,,
2019,Honda,Accord Hybrid,Touring,,,,
2019,Honda,Civic,EX,,,,
2019,Honda,Civic,EX-L,,,,
2019,Honda,Civic,EX-L w/Navi,,,,
2019,Honda,Civic,LX,,,,
2019,Honda,Civic,Si,,,,
2019,Honda,Civic,Sport,,,,
2019,Honda,Civic,Sport Touring,,,,
2019,Honda,Civic,Touring,,,,
2019,Honda,Civic,Type R,,,,
2019,Honda,Clarity Plug-In Hybrid,Base,,,,
2019,Honda,Clarity Plug-In Hybrid,Touring,,,,
2019,Honda,CR-V,EX,,,,
2019,Honda,CR-V,EX-L,,,,
2019,Honda,CR-V,LX,,,,
2019,Honda,CR-V,Touring,,,,
2019,Honda,Fit,EX,,,,
2019,Honda,Fit,EX-L,,,,
2019,Honda,Fit,EX-L w/Navi,,,,
2019,Honda,Fit,LX,,,,
2019,Honda,Fit,LX w/Honda Sensing,,,,
2019,Honda,Fit,Sport,,,,
2019,Honda,Fit,Sport w/Honda Sensing,,,,
2019,Honda,HR-V,EX,,,,
2019,Honda,HR-V,EX-L,,,,
2019,Honda,HR-V,LX,,,,
2019,Honda,HR-V,Sport,,,,
2019,Honda,HR-V,Touring,,,,
2019,Honda,Insight,EX,,,,
2019,Honda,Insight,LX,,,,
2019,Honda,Insight,Touring,,,,
2019,Honda,Odyssey,Elite,,,,
2019,Honda,Odyssey,EX,,,,
2019,Honda,Odyssey,EX-L,,,,
2019,Honda,Odyssey,EX-L w/Navi w/RES,,,,
2019,Honda,Odyssey,LX,,,,
2019,Honda,Odyssey,Touring,,,,
2019,Honda,Passport,Elite,,,,
2019,Honda,Passport,EX-L,,,,
2019,Honda,Passport,Sport,,,,
2019,Honda,Passport,Touring,,,,
2019,Honda,Pilot,Elite,,,,
2019,Honda,Pilot,EX,,,,
2019,Honda,Pilot,EX-L,,,,
2019,Honda,Pilot,EX-L w/Navi w/RES,,,,
2019,Honda,Pilot,LX,,,,
2019,Honda,Pilot,Touring,,,,
2019,Honda,Pilot,Touring w/Rear Captains Chairs,,,,
2019,Honda,Ridgeline,Black Edition,,,,
2019,Honda,Ridgeline,RTL,,,,
2019,Honda,Ridgeline,RTL-E,,,,
2019,Honda,Ridgeline,RTL-T,,,,
2019,Honda,Ridgeline,Sport,,,,
2019,Hyundai,Accent,Limited,,,,
2019,Hyundai,Accent,SE,,,,
2019,Hyundai,Accent,SEL,,,,
2019,Hyundai,Elantra,Eco,,,,
2019,Hyundai,Elantra,Limited,,,,
2019,Hyundai,Elantra,SE,,,,
2019,Hyundai,Elantra,SEL,,,,
2019,Hyundai,Elantra,Sport,,,,
2019,Hyundai,Elantra,Value Edition,,,,
2019,Hyundai,Ioniq Electric,Base,,,,
2019,Hyundai,Ioniq Electric,Limited,,,,
2019,Hyundai,Ioniq Hybrid,Blue,,,,
2019,Hyundai,Ioniq Hybrid,Limited,,,,
2019,Hyundai,Ioniq Hybrid,SEL,,,,
2019,Hyundai,Kona,Limited,,,,
2019,Hyundai,Kona,SEL,,,,
2019,Hyundai,Kona,Ultimate,,,,
2019,Hyundai,Kona EV,Limited,,,,
2019,Hyundai,Kona EV,Ultimate,,,,
2019,Hyundai,Santa Fe,Limited 2.0T,,,,
2019,Hyundai,Santa Fe,Limited 2.4L,,,,
2019,Hyundai,Santa Fe,SE 2.4L,,,,
2019,Hyundai,Santa Fe,SEL 2.4L,,,,
2019,Hyundai,Santa Fe,SEL Plus 2.4L,,,,
2019,Hyundai,Santa Fe,Ultimate 2.0T,,,,
2019,Hyundai,Santa Fe,Ultimate 2.4L,,,,
2019,Hyundai,Santa Fe XL,Limited Ultimate,,,,
2019,Hyundai,Santa Fe XL,SE,,,,
2019,Hyundai,Sonata,Limited,,,,
2019,Hyundai,Sonata,Limited 2.0T,,,,
2019,Hyundai,Sonata,SE,,,,
2019,Hyundai,Sonata,SEL,,,,
2019,Hyundai,Sonata,Sport,,,,
2019,Hyundai,Sonata Hybrid,Limited,,,,
2019,Hyundai,Sonata Hybrid,SE,,,,
2019,Hyundai,Sonata Plug-in Hybrid,Limited,,,,
2019,Hyundai,Tucson,Limited,,,,
2019,Hyundai,Tucson,Night,,,,
2019,Hyundai,Tucson,SE,,,,
2019,Hyundai,Tucson,SEL,,,,
2019,Hyundai,Tucson,Sport,,,,
2019,Hyundai,Tucson,Ultimate,,,,
2019,Hyundai,Tucson,Value,,,,
2019,Hyundai,Veloster,2.0L,,,,
2019,Hyundai,Veloster,2.0L Premium,,,,
2019,Hyundai,Veloster N,Base,,,,
2019,Hyundai,Veloster Turbo,Base,,,,
2019,Hyundai,Veloster Turbo,R-Spec,,,,
2019,Hyundai,Veloster Turbo,Ultimate,,,,
2019,INFINITI,Q50,2.0T Pure,,,,
2019,INFINITI,Q50,3.0T Luxe,,,,
2019,INFINITI,Q50,3.0T Sport,,,,
2019,INFINITI,Q50,Red Sport 400,,,,
2019,INFINITI,Q60,3.0T Luxe,,,,
2019,INFINITI,Q60,3.0T Pure,,,,
2019,INFINITI,Q60,Red Sport 400,,,,
2019,INFINITI,Q70,3.7 Luxe,,,,
2019,INFINITI,Q70L,3.7 Luxe,,,,
2019,INFINITI,QX30,Essential,,,,
2019,INFINITI,QX30,Luxe,,,,
2019,INFINITI,QX30,Pure,,,,
2019,INFINITI,QX30,Sport,,,,
2019,INFINITI,QX50,Essential,,,,
2019,INFINITI,QX50,Luxe,,,,
2019,INFINITI,QX50,Pure,,,,
2019,INFINITI,QX60,Luxe,,,,
2019,INFINITI,QX60,Pure,,,,
2019,INFINITI,QX80,Limited,,,,
2019,INFINITI,QX80,Luxe,,,,
2019,Jaguar,E-PACE,P250,,,,
2019,Jaguar,E-PACE,P250 S,,,,
2019,Jaguar,E-PACE,P250 SE,,,,
2019,Jaguar,E-PACE,P300 R-Dynamic HSE,,,,
2019,Jaguar,E-PACE,P300 R-Dynamic S,,,,
2019,Jaguar,E-PACE,P300 R-Dynamic SE,,,,
2019,Jaguar,F-PACE,20d Prestige,,,,
2019,Jaguar,F-PACE,25t Premium,,,,
2019,Jaguar,F-PACE,25t Prestige,,,,
2019,Jaguar,F-PACE,25t R-Sport,,,,
2019,Jaguar,F-PACE,30t Portfolio,,,,
2019,Jaguar,F-PACE,30t Premium,,,,
2019,Jaguar,F-PACE,30t Prestige,,,,
2019,Jaguar,F-PACE,30t R-Sport,,,,
2019,Jaguar,F-PACE,S,,,,
2019,Jaguar,F-PACE,SVR,,,,
2019,Jaguar,F-TYPE,P300,,,,
2019,Jaguar,F-TYPE,P340,,,,
2019,Jaguar,F-TYPE,R,,,,
2019,Jaguar,F-TYPE,R-Dynamic,,,,
2019,Jaguar,I-PACE,EV400 First Edition,,,,
2019,Jaguar,I-PACE,EV400 HSE,,,,
2019,Jaguar,I-PACE,EV400 S,,,,
2019,Jaguar,I-PACE,EV400 SE,,,,
2019,Jaguar,XE,20d Landmark,,,,
2019,Jaguar,XE,25t Landmark,,,,
2019,Jaguar,XE,25t Premium,,,,
2019,Jaguar,XE,25t Prestige,,,,
2019,Jaguar,XE,25t R-Sport,,,,
2019,Jaguar,XE,30t Prestige,,,,
2019,Jaguar,XE,30t R-Sport,,,,
2019,Jaguar,XE,S,,,,
2019,Jaguar,XJ,R-Sport,,,,
2019,Jaguar,XJL,Portfolio,,,,
2019,Jaguar,XJL,Supercharged,,,,
2019,Jeep,Cherokee,Altitude,,,,
2019,Jeep,Cherokee,High Altitude,,,,
2019,Jeep,Cherokee,Latitude,,,,
2019,Jeep,Cherokee,Latitude Plus,,,,
2019,Jeep,Cherokee,Limited,,,,
2019,Jeep,Cherokee,Overland,,,,
2019,Jeep,Cherokee,Trailhawk,,,,
2019,Jeep,Cherokee,Trailhawk Elite,,,,
2019,Jeep,Cherokee,Upland,,,,
2019,Jeep,Compass,Altitude,,,,
2019,Jeep,Compass,High Altitude,,,,
2019,Jeep,Compass,Latitude,,,,
2019,Jeep,Compass,Limited,,,,
2019,Jeep,Compass,Sport,,,,
2019,Jeep,Compass,Sun and Wheel Edition,,,,
2019,Jeep,Compass,Upland,,,,
2019,Jeep,Grand Cherokee,Altitude,,,,
2019,Jeep,Grand Cherokee,High Altitude,,,,
2019,Jeep,Grand Cherokee,Laredo,,,,
2019,Jeep,Grand Cherokee,Laredo E,,,,
2019,Jeep,Grand Cherokee,Limited,,,,
2019,Jeep,Grand Cherokee,Limited X,,,,
2019,Jeep,Grand Cherokee,Overland,,,,
2019,Jeep,Grand Cherokee,SRT,,,,
2019,Jeep,Grand Cherokee,Summit,,,,
2019,Jeep,Grand Cherokee,Trackhawk,,,,
2019,Jeep,Grand Cherokee,Trailhawk,,,,
2019,Jeep,Grand Cherokee,Upland,,,,
2019,Jeep,Wrangler,Rubicon,,,,
2019,Jeep,Wrangler,Sport,,,,
2019,Jeep,Wrangler,Sport S,,,,
2019,Jeep,Wrangler Unlimited,Moab,,,,
2019,Jeep,Wrangler Unlimited,Rubicon,,,,
2019,Jeep,Wrangler Unlimited,Sahara,,,,
2019,Jeep,Wrangler Unlimited,Sport,,,,
2019,Jeep,Wrangler Unlimited,Sport S,,,,
2019,Kia,Forte,EX,,,,
2019,Kia,Forte,FE,,,,
2019,Kia,Forte,LXS,,,,
2019,Kia,Forte,S,,,,
2019,Kia,K900,Luxury,,,,
2019,Kia,Niro,EX,,,,
2019,Kia,Niro,FE,,,,
2019,Kia,Niro,LX,,,,
2019,Kia,Niro,S Touring,,,,
2019,Kia,Niro,Touring,,,,
2019,Kia,Niro Plug-In Hybrid,EX,,,,
2019,Kia,Niro Plug-In Hybrid,EX Premium,,,,
2019,Kia,Niro Plug-In Hybrid,LX,,,,
2019,Kia,Optima,EX,,,,
2019,Kia,Optima,LX,,,,
2019,Kia,Optima,S,,,,
2019,Kia,Optima,SX Turbo,,,,
2019,Kia,Optima Hybrid,EX,,,,
2019,Kia,Rio,LX,,,,
2019,Kia,Rio,S,,,,
2019,Kia,Sedona,EX,,,,
2019,Kia,Sedona,L,,,,
2019,Kia,Sedona,LX,,,,
2019,Kia,Sedona,SX,,,,
2019,Kia,Sorento,EX V6,,,,
2019,Kia,Sorento,L,,,,
2019,Kia,Sorento,LX,,,,
2019,Kia,Sorento,LX V6,,,,
2019,Kia,Sorento,SX Limited V6,,,,
2019,Kia,Sorento,SX V6,,,,
2019,Kia,Soul,!,,,,
2019,Kia,Soul,+,,,,
2019,Kia,Soul,Base,,,,
2019,Kia,Sportage,EX,,,,
2019,Kia,Sportage,LX,,,,
2019,Kia,Sportage,SX Turbo,,,,
2019,Kia,Stinger,Base,,,,
2019,Kia,Stinger,GT,,,,
2019,Kia,Stinger,GT1,,,,
2019,Kia,Stinger,GT2,,,,
2019,Kia,Stinger,Premium,,,,
2019,Land Rover,Discovery,HSE,,,,
2019,Land Rover,Discovery,HSE Luxury,,,,
2019,Land Rover,Discovery,SE,,,,
2019,Land Rover,Discovery Sport,HSE,,,,
2019,Land Rover,Discovery Sport,HSE Dynamic,,,,
2019,Land Rover,Discovery Sport,HSE Luxury,,,,
2019,Land Rover,Discovery Sport,HSE Luxury Dynamic,,,,
2019,Land Rover,Discovery Sport,SE,,,,
2019,Land Rover,Range Rover,Autobiography,,,,
2019,Land Rover,Range Rover,Autobiography LWB,,,,
2019,Land Rover,Range Rover,Base,,,,
2019,Land Rover,Range Rover,HSE,,,,
2019,Land Rover,Range Rover,Supercharged,,,,
2019,Land Rover,Range Rover,Supercharged LWB,,,,
2019,Land Rover,Range Rover,SVAutobiography Dynamic,,,,
2019,Land Rover,Range Rover,SVAutobiography LWB,,,,
2019,Land Rover,Range Rover Evoque,Autobiography,,,,
2019,Land Rover,Range Rover Evoque,HSE,,,,
2019,Land Rover,Range Rover Evoque,HSE Dynamic,,,,
2019,Land Rover,Range Rover Evoque,Landmark Edition,,,,
2019,Land Rover,Range Rover Evoque,SE,,,,
2019,Land Rover,Range Rover Evoque,SE Premium,,,,
2019,Land Rover,Range Rover Sport,Autobiography,,,,
2019,Land Rover,Range Rover Sport,HSE,,,,
2019,Land Rover,Range Rover Sport,HSE Dynamic,,,,
2019,Land Rover,Range Rover Sport,SE,,,,
2019,Land Rover,Range Rover Sport,Supercharged Dynamic,,,,
2019,Land Rover,Range Rover Sport,SVR,,,,
2019,Land Rover,Range Rover Velar,D180 S,,,,
2019,Land Rover,Range Rover Velar,P250 R-Dynamic SE,,,,
2019,Land Rover,Range Rover Velar,P250 S,,,,
2019,Land Rover,Range Rover Velar,P340 R-Dynamic SE,,,,
2019,Land Rover,Range Rover Velar,P340 S,,,,
2019,Land Rover,Range Rover Velar,P380 R-Dynamic HSE,,,,
2019,Land Rover,Range Rover Velar,P380 R-Dynamic SE,,,,
2019,Land Rover,Range Rover Velar,P380 S,,,,
2019,Lexus,ES 300h,Base,,,,
2019,Lexus,ES 300h,Luxury,,,,
2019,Lexus,ES 300h,Ultra Luxury,,,,
2019,Lexus,ES 350,Base,,,,
2019,Lexus,ES 350,F SPORT,,,,
2019,Lexus,ES 350,Luxury,,,,
2019,Lexus,ES 350,Ultra Luxury,,,,
2019,Lexus,GS 350,Base,,,,
2019,Lexus,GS 350,F SPORT,,,,
2019,Lexus,GS F,Base,,,,
2019,Lexus,GX 460,Base,,,,
2019,Lexus,GX 460,Luxury,,,,
2019,Lexus,IS 300,Base,,,,
2019,Lexus,IS 350,Base,,,,
2019,Lexus,LC 500,Base,,,,
2019,Lexus,LS 500,Base,,,,
2019,Lexus,LS 500,F SPORT,,,,
2019,Lexus,LS 500h,Base,,,,
2019,Lexus,LX 570,Three-Row,,,,
2019,Lexus,LX 570,Two-Row,,,,
2019,Lexus,NX 300,Base,,,,
2019,Lexus,NX 300,F SPORT,,,,
2019,Lexus,NX 300h,Base,,,,
2019,Lexus,RC 300,F SPORT,,,,
2019,Lexus,RC F,Base,,,,
2019,Lexus,RX 350,Base,,,,
2019,Lexus,RX 350,F SPORT,,,,
2019,Lexus,RX 350L,Base,,,,
2019,Lexus,RX 350L,Luxury,,,,
2019,Lexus,RX 450h,Base,,,,
2019,Lexus,RX 450h,F SPORT,,,,
2019,Lexus,RX 450hL,Base,,,,
2019,Lexus,RX 450hL,Luxury,,,,
2019,Lexus,UX 200,Base,,,,
2019,Lexus,UX 200,F SPORT,,,,
2019,Lexus,UX 250h,Base,,,,
2019,Lexus,UX 250h,F SPORT,,,,
2019,Lincoln,Continental,Base,,,,
2019,Lincoln,Continental,Black Label,,,,
2019,Lincoln,Continental,Reserve,,,,
2019,Lincoln,Continental,Select,,,,
2019,Lincoln,MKC,Black Label,,,,
2019,Lincoln,MKC,Premiere,,,,
2019,Lincoln,MKC,Reserve,,,,
2019,Lincoln,MKC,Select,,,,
2019,Lincoln,MKT,Reserve,,,,
2019,Lincoln,MKZ,Base,,,,
2019,Lincoln,MKZ,Reserve I,,,,
2019,Lincoln,MKZ,Reserve II,,,,
2019,Lincoln,MKZ Hybrid,Reserve I,,,,
2019,Lincoln,MKZ Hybrid,Reserve II,,,,
2019,Lincoln,Nautilus,Base,,,,
2019,Lincoln,Nautilus,Black Label,,,,
2019,Lincoln,Nautilus,Reserve,,,,
2019,Lincoln,Nautilus,Select,,,,
2019,Lincoln,Navigator,Black Label,,,,
2019,Lincoln,Navigator,Reserve,,,,
2019,Lincoln,Navigator,Select,,,,
2019,Lincoln,Navigator L,Black Label,,,,
2019,Lincoln,Navigator L,Reserve,,,,
2019,Maserati,Ghibli,SQ4,,,,
2019,Maserati,Ghibli,SQ4 GranSport,,,,
2019,Maserati,Levante,Base,,,,
2019,Mazda,CX-3,Grand Touring,,,,
2019,Mazda,CX-3,Sport,,,,
2019,Mazda,CX-3,Touring,,,,
2019,Mazda,CX-5,Grand Touring,,,,
2019,Mazda,CX-5,Grand Touring Reserve,,,,
2019,Mazda,CX-5,Signature,,,,
2019,Mazda,CX-5,Sport,,,,
2019,Mazda,CX-5,Touring,,,,
2019,Mazda,CX-9,Grand Touring,,,,
2019,Mazda,CX-9,Signature,,,,
2019,Mazda,CX-9,Sport,,,,
2019,Mazda,CX-9,Touring,,,,
2019,Mazda,Mazda3,Preferred,,,,
2019,Mazda,Mazda3,Premium,,,,
2019,Mazda,Mazda3,Select,,,,
2019,Mazda,Mazda3 Sedan,Select,,,,
2019,Mazda,MX-5 Miata,Club,,,,
2019,Mazda,MX-5 Miata,Grand Touring,,,,
2019,Mazda,MX-5 Miata,Sport,,,,
2019,Mazda,MX-5 Miata RF,Club,,,,
2019,Mazda,MX-5 Miata RF,Grand Touring,,,,
2019,Mercedes-Benz,A-Class,A 220,,,,
2019,Mercedes-Benz,A-Class,A 220 4MATIC,,,,
2019,Mercedes-Benz,AMG GT,Base,,,,
2019,Mercedes-Benz,AMG GT,C,,,,
2019,Mercedes-Benz,AMG GT,R,,,,
2019,Mercedes-Benz,AMG GT,S,,,,
2019,Mercedes-Benz,C-Class,AMG C 43,,,,
2019,Mercedes-Benz,C-Class,AMG C 63 S,,,,
2019,Mercedes-Benz,C-Class,C 300,,,,
2019,Mercedes-Benz,C-Class,C 300 4MATIC,,,,
2019,Mercedes-Benz,CLA,AMG CLA 45,,,,
2019,Mercedes-Benz,CLA,CLA 250,,,,
2019,Mercedes-Benz,CLA,CLA 250 4MATIC,,,,
2019,Mercedes-Benz,CLS,AMG CLS 53 S,,,,
2019,Mercedes-Benz,CLS,CLS 450,,,,
2019,Mercedes-Benz,CLS,CLS 450 4MATIC,,,,
2019,Mercedes-Benz,E-Class,AMG E 53,,,,
2019,Mercedes-Benz,E-Class,AMG E 63 S,,,,
2019,Mercedes-Benz,E-Class,E 300,,,,
2019,Mercedes-Benz,E-Class,E 300 4MATIC,,,,
2019,Mercedes-Benz,E-Class,E 450,,,,
2019,Mercedes-Benz,E-Class,E 450 4MATIC,,,,
2019,Mercedes-Benz,GLA,AMG GLA 45,,,,
2019,Mercedes-Benz,GLA,GLA 250,,,,
2019,Mercedes-Benz,GLA,GLA 250 4MATIC,,,,
2019,Mercedes-Benz,GLC,AMG GLC 63,,,,
2019,Mercedes-Benz,GLC,GLC 300,,,,
2019,Mercedes-Benz,GLC,GLC 300 4MATIC,,,,
2019,Mercedes-Benz,GLC,GLC 350e,,,,
2019,Mercedes-Benz,GLC,GLC 350e 4MATIC,,,,
2019,Mercedes-Benz,GLE,AMG GLE 43,,,,
2019,Mercedes-Benz,GLE,AMG GLE 63 S,,,,
2019,Mercedes-Benz,GLE,GLE 400 4MATIC,,,,
2019,Mercedes-Benz,GLS,AMG GLS 63,,,,
2019,Mercedes-Benz,GLS,GLS 450,,,,
2019,Mercedes-Benz,GLS,GLS 550,,,,
2019,Mercedes-Benz,Metris,Cargo,,,,
2019,Mercedes-Benz,Metris,Passenger,,,,
2019,Mercedes-Benz,Metris,Worker Passenger,,,,
2019,Mercedes-Benz,S-Class,AMG S 63,,,,
2019,Mercedes-Benz,S-Class,Mercedes-Maybach S 560 4MATIC,,,,
2019,Mercedes-Benz,S-Class,S 450 4MATIC,,,,
2019,Mercedes-Benz,S-Class,S 560,,,,
2019,Mercedes-Benz,S-Class,S 560 4MATIC,,,,
2019,Mercedes-Benz,SLC,AMG SLC 43,,,,
2019,Mercedes-Benz,SLC,SLC 300,,,,
2019,Mercedes-Benz,SL-Class,SL 450,,,,
2019,Mercedes-Benz,SL-Class,SL 550,,,,
2019,Mercedes-Benz,Sprinter Crew,2500,,,,
2019,Mercedes-Benz,Sprinter Crew,3500,,,,
2019,MINI,Clubman,Cooper,,,,
2019,MINI,Clubman,Cooper ALL4,,,,
2019,MINI,Clubman,Cooper S,,,,
2019,MINI,Clubman,Cooper S ALL4,,,,
2019,MINI,Clubman,John Cooper Works ALL4,,,,
2019,MINI,Convertible,Cooper,,,,
2019,MINI,Convertible,Cooper S,,,,
2019,MINI,Convertible,John Cooper Works,,,,
2019,MINI,Countryman,Cooper,,,,
2019,MINI,Countryman,Cooper ALL4,,,,
2019,MINI,Countryman,Cooper S,,,,
2019,MINI,Countryman,Cooper S ALL4,,,,
2019,MINI,Countryman,John Cooper Works ALL4,,,,
2019,MINI,Countryman Plug-in Hybrid,Cooper S E ALL4,,,,
2019,MINI,Hardtop 2 Door,Cooper,,,,
2019,MINI,Hardtop 2 Door,Cooper S,,,,
2019,MINI,Hardtop 2 Door,John Cooper Works,,,,
2019,MINI,Hardtop 4 Door,Cooper,,,,
2019,MINI,Hardtop 4 Door,Cooper S,,,,
2019,Mitsubishi,Eclipse Cross,ES,,,,
2019,Mitsubishi,Eclipse Cross,LE,,,,
2019,Mitsubishi,Eclipse Cross,SE,,,,
2019,Mitsubishi,Eclipse Cross,SEL,,,,
2019,Mitsubishi,Eclipse Cross,Special Edition,,,,
2019,Mitsubishi,Mirage,ES,,,,
2019,Mitsubishi,Mirage,GT,,,,
2019,Mitsubishi,Mirage,LE,,,,
2019,Mitsubishi,Mirage,Rockford Fosgate Edition,,,,
2019,Mitsubishi,Mirage,SE,,,,
2019,Mitsubishi,Mirage G4,ES,,,,
2019,Mitsubishi,Mirage G4,Rockford Fosgate Edition,,,,
2019,Mitsubishi,Mirage G4,SE,,,,
2019,Mitsubishi,Outlander,ES,,,,
2019,Mitsubishi,Outlander,GT,,,,
2019,Mitsubishi,Outlander,LE,,,,
2019,Mitsubishi,Outlander,SE,,,,
2019,Mitsubishi,Outlander,SEL,,,,
2019,Mitsubishi,Outlander PHEV,GT,,,,
2019,Mitsubishi,Outlander Sport,2.4 GT,,,,
2019,Mitsubishi,Outlander Sport,ES,,,,
2019,Mitsubishi,Outlander Sport,LE,,,,
2019,Mitsubishi,Outlander Sport,SE,,,,
2019,Mitsubishi,Outlander Sport,Special Edition,,,,
2019,Nissan,370Z,Base,,,,
2019,Nissan,370Z,NISMO,,,,
2019,Nissan,370Z,Sport,,,,
2019,Nissan,370Z,Sport Touring,,,,
2019,Nissan,Altima,2.5 Platinum,,,,
2019,Nissan,Altima,2.5 S,,,,
2019,Nissan,Altima,2.5 SL,,,,
2019,Nissan,Altima,2.5 SR,,,,
2019,Nissan,Altima,2.5 SV,,,,
2019,Nissan,Armada,Platinum,,,,
2019,Nissan,Armada,SL,,,,
2019,Nissan,Armada,SV,,,,
2019,Nissan,Frontier,Desert Runner,,,,
2019,Nissan,Frontier,PRO-4X,,,,
2019,Nissan,Frontier,S,,,,
2019,Nissan,Frontier,SL,,,,
2019,Nissan,Frontier,SV,,,,
2019,Nissan,Frontier,SV V6,,,,
2019,Nissan,GT-R,Premium,,,,
2019,Nissan,Kicks,SR,,,,
2019,Nissan,Kicks,SV,,,,
2019,Nissan,LEAF,S,,,,
2019,Nissan,LEAF,SL,,,,
2019,Nissan,LEAF,SL PLUS,,,,
2019,Nissan,LEAF,S PLUS,,,,
2019,Nissan,LEAF,SV,,,,
2019,Nissan,LEAF,SV PLUS,,,,
2019,Nissan,Maxima,3.5 S,,,,
2019,Nissan,Maxima,3.5 SL,,,,
2019,Nissan,Maxima,3.5 SR,,,,
2019,Nissan,Maxima,3.5 SV,,,,
2019,Nissan,Maxima,Platinum,,,,
2019,Nissan,Murano,Platinum,,,,
2019,Nissan,Murano,S,,,,
2019,Nissan,Murano,SL,,,,
2019,Nissan,Murano,SV,,,,
2019,Nissan,NV200,S,,,,
2019,Nissan,NV200,SV,,,,
2019,Nissan,NV Cargo,2500 HD SV,,,,
2019,Nissan,Pathfinder,Platinum,,,,
2019,Nissan,Pathfinder,S,,,,
2019,Nissan,Pathfinder,SL,,,,
2019,Nissan,Pathfinder,SV,,,,
2019,Nissan,Rogue,S,,,,
2019,Nissan,Rogue,SL,,,,
2019,Nissan,Rogue,SV,,,,
2019,Nissan,Rogue Hybrid,SL,,,,
2019,Nissan,Rogue Hybrid,SV,,,,
2019,Nissan,Rogue Sport,S,,,,
2019,Nissan,Rogue Sport,SL,,,,
2019,Nissan,Rogue Sport,SV,,,,
2019,Nissan,Sentra,NISMO,,,,
2019,Nissan,Sentra,S,,,,
2019,Nissan,Sentra,SL,,,,
2019,Nissan,Sentra,SR,,,,
2019,Nissan,Sentra,SR TURBO,,,,
2019,Nissan,Sentra,SV,,,,
2019,Nissan,Titan,Platinum Reserve,,,,
2019,Nissan,Titan,PRO-4X,,,,
2019,Nissan,Titan,S,,,,
2019,Nissan,Titan,SL,,,,
2019,Nissan,Titan,SV,,,,
2019,Nissan,Titan XD,Platinum Reserve,,,,
2019,Nissan,Titan XD,PRO-4X,,,,
2019,Nissan,Versa,S,,,,
2019,Nissan,Versa,S Plus,,,,
2019,Nissan,Versa,SV,,,,
2019,Nissan,Versa Note,SV,,,,
2019,Porsche,718 Boxster,Base,,,,
2019,Porsche,718 Boxster,GTS,,,,
2019,Porsche,718 Boxster,S,,,,
2019,Porsche,718 Cayman,Base,,,,
2019,Porsche,718 Cayman,GTS,,,,
2019,Porsche,718 Cayman,S,,,,
2019,Porsche,911,Carrera,,,,
2019,Porsche,911,Carrera 4,,,,
2019,Porsche,911,Carrera 4 GTS,,,,
2019,Porsche,911,Carrera 4S,,,,
2019,Porsche,911,Carrera GTS,,,,
2019,Porsche,911,Carrera S,,,,
2019,Porsche,911,Carrera T,,,,
2019,Porsche,911,GT3,,,,
2019,Porsche,911,GT3 RS,,,,
2019,Porsche,911,Targa 4S,,,,
2019,Porsche,911,Turbo,,,,
2019,Porsche,911,Turbo S,,,,
2019,Porsche,Cayenne,Base,,,,
2019,Porsche,Cayenne,S,,,,
2019,Porsche,Cayenne,Turbo,,,,
2019,Porsche,Panamera,4,,,,
2019,Porsche,Panamera,4 Executive,,,,
2019,Porsche,Panamera,Base,,,,
2019,Porsche,Panamera,GTS,,,,
2019,Porsche,Panamera,Turbo,,,,
2019,Ram,ProMaster Cargo,1500 118 WB,,,,
2019,Ram,ProMaster Cargo,1500 136 WB,,,,
2019,Ram,ProMaster Cargo,2500 136 WB,,,,
2019,Ram,ProMaster Cargo,2500 159 WB,,,,
2019,Ram,ProMaster Cargo,3500 159 WB,,,,
2019,Ram,ProMaster City Cargo,Tradesman,,,,
2019,Ram,ProMaster City Cargo,Tradesman SLT,,,,
2019,Ram,Ram Pickup 1500,Big Horn,,,,
2019,Ram,Ram Pickup 1500,Laramie,,,,
2019,Ram,Ram Pickup 1500,Laramie Longhorn,,,,
2019,Ram,Ram Pickup 1500,Limited,,,,
2019,Ram,Ram Pickup 1500,Rebel,,,,
2019,Ram,Ram Pickup 1500,Tradesman,,,,
2019,Ram,Ram Pickup 1500 Classic,Big Horn,,,,
2019,Ram,Ram Pickup 1500 Classic,Express,,,,
2019,Ram,Ram Pickup 1500 Classic,Lone Star,,,,
2019,Ram,Ram Pickup 1500 Classic,Lone Star Silver,,,,
2019,Ram,Ram Pickup 1500 Classic,SLT,,,,
2019,Ram,Ram Pickup 1500 Classic,Tradesman,,,,
2019,Ram,Ram Pickup 1500 Classic,Warlock,,,,
2019,Ram,Ram Pickup 2500,Limited,,,,
2019,Ram,Ram Pickup 3500,Big Horn,,,,
2019,Subaru,Ascent,Base,,,,
2019,Subaru,Ascent,Limited 7-Passenger,,,,
2019,Subaru,Ascent,Limited 8-Passenger,,,,
2019,Subaru,Ascent,Premium 7-Passenger,,,,
2019,Subaru,Ascent,Premium 8-Passenger,,,,
2019,Subaru,Ascent,Touring,,,,
2019,Subaru,BRZ,Premium,,,,
2019,Subaru,Crosstrek,2.0i Base,,,,
2019,Subaru,Crosstrek,2.0i Limited,,,,
2019,Subaru,Crosstrek,2.0i Premium,,,,
2019,Subaru,Crosstrek,Hybrid,,,,
2019,Subaru,Forester,Base,,,,
2019,Subaru,Forester,Limited,,,,
2019,Subaru,Forester,Premium,,,,
2019,Subaru,Forester,Sport,,,,
2019,Subaru,Forester,Touring,,,,
2019,Subaru,Impreza,2.0i,,,,
2019,Subaru,Impreza,Limited,,,,
2019,Subaru,Impreza,Premium,,,,
2019,Subaru,Impreza,Sport,,,,
2019,Subaru,Legacy,2.5i,,,,
2019,Subaru,Legacy,2.5i Limited,,,,
2019,Subaru,Legacy,2.5i Premium,,,,
2019,Subaru,Legacy,2.5i Sport,,,,
2019,Subaru,Legacy,3.6R Limited,,,,
2019,Subaru,Outback,2.5i,,,,
2019,Subaru,Outback,2.5i Limited,,,,
2019,Subaru,Outback,2.5i Premium,,,,
2019,Subaru,Outback,2.5i Touring,,,,
2019,Subaru,Outback,3.6R Limited,,,,
2019,Subaru,Outback,3.6R Touring,,,,
2019,Subaru,WRX,Base,,,,
2019,Subaru,WRX,Limited,,,,
2019,Subaru,WRX,Premium,,,,
2019,Toyota,4Runner,Limited,,,,
2019,Toyota,4Runner,Limited Night Shade,,,,
2019,Toyota,4Runner,SR5,,,,
2019,Toyota,4Runner,SR5 Premium,,,,
2019,Toyota,4Runner,TRD Off-Road,,,,
2019,Toyota,4Runner,TRD Off-Road Premium,,,,
2019,Toyota,4Runner,TRD Pro,,,,
2019,Toyota,86,Base,,,,
2019,Toyota,86,GT,,,,
2019,Toyota,86,TRD Special Edition,,,,
2019,Toyota,Avalon,Limited,,,,
2019,Toyota,Avalon,Touring,,,,
2019,Toyota,Avalon,XLE,,,,
2019,Toyota,Avalon,XSE,,,,
2019,Toyota,Avalon Hybrid,Limited,,,,
2019,Toyota,Avalon Hybrid,XLE,,,,
2019,Toyota,Avalon Hybrid,XSE,,,,
2019,Toyota,Camry,LE,,,,
2019,Toyota,Camry,SE,,,,
2019,Toyota,Camry,XLE,,,,
2019,Toyota,Camry,XSE,,,,
2019,Toyota,Camry,XSE V6,,,,
2019,Toyota,Camry Hybrid,LE,,,,
2019,Toyota,Camry Hybrid,SE,,,,
2019,Toyota,Camry Hybrid,XLE,,,,
2019,Toyota,C-HR,LE,,,,
2019,Toyota,C-HR,Limited,,,,
2019,Toyota,C-HR,XLE,,,,
2019,Toyota,Corolla,L,,,,
2019,Toyota,Corolla,LE,,,,
2019,Toyota,Corolla,LE Eco,,,,
2019,Toyota,Corolla,SE,,,,
2019,Toyota,Corolla,XLE,,,,
2019,Toyota,Corolla,XSE,,,,
2019,Toyota,Corolla Hatchback,SE,,,,
2019,Toyota,Corolla Hatchback,XSE,,,,
2019,Toyota,Highlander,LE,,,,
2019,Toyota,Highlander,LE Plus,,,,
2019,Toyota,Highlander,Limited,,,,
2019,Toyota,Highlander,Limited Platinum,,,,
2019,Toyota,Highlander,SE,,,,
2019,Toyota,Highlander,XLE,,,,
2019,Toyota,Highlander Hybrid,LE,,,,
2019,Toyota,Highlander Hybrid,Limited,,,,
2019,Toyota,Highlander Hybrid,Limited Platinum,,,,
2019,Toyota,Highlander Hybrid,XLE,,,,
2019,Toyota,Land Cruiser,Base,,,,
2019,Toyota,Prius,LE,,,,
2019,Toyota,Prius,LE AWD-e,,,,
2019,Toyota,Prius,L Eco,,,,
2019,Toyota,Prius,Limited,,,,
2019,Toyota,Prius,XLE,,,,
2019,Toyota,Prius,XLE AWD-e,,,,
2019,Toyota,Prius c,L,,,,
2019,Toyota,Prius c,LE,,,,
2019,Toyota,RAV4,Adventure,,,,
2019,Toyota,RAV4,LE,,,,
2019,Toyota,RAV4,Limited,,,,
2019,Toyota,RAV4,XLE,,,,
2019,Toyota,RAV4,XLE Premium,,,,
2019,Toyota,Sequoia,Limited,,,,
2019,Toyota,Sequoia,Platinum,,,,
2019,Toyota,Sequoia,SR5,,,,
2019,Toyota,Sequoia,TRD Sport,,,,
2019,Toyota,Sienna,L 7-Passenger,,,,
2019,Toyota,Sienna,LE 7-Passenger,,,,
2019,Toyota,Sienna,LE 7-Passenger Auto Access Seat,,,,
2019,Toyota,Sienna,LE 8-Passenger,,,,
2019,Toyota,Sienna,Limited 7-Passenger,,,,
2019,Toyota,Sienna,Limited Premium 7-Passenger,,,,
2019,Toyota,Sienna,SE 7-Passenger,,,,
2019,Toyota,Sienna,SE 8-Passenger,,,,
2019,Toyota,Sienna,SE Premium 7-Passenger,,,,
2019,Toyota,Sienna,SE Premium 8-Passenger,,,,
2019,Toyota,Sienna,XLE 7-Passenger,,,,
2019,Toyota,Sienna,XLE 8-Passenger,,,,
2019,Toyota,Sienna,XLE Premium 7-Passenger,,,,
2019,Toyota,Sienna,XLE Premium 8-Passenger,,,,
2019,Toyota,Tacoma,Limited,,,,
2019,Toyota,Tacoma,SR,,,,
2019,Toyota,Tacoma,SR5,,,,
2019,Toyota,Tacoma,SR5 V6,,,,
2019,Toyota,Tacoma,SR V6,,,,
2019,Toyota,Tacoma,TRD Off-Road,,,,
2019,Toyota,Tacoma,TRD Pro,,,,
2019,Toyota,Tacoma,TRD Sport,,,,
2019,Toyota,Tundra,1794 Edition,,,,
2019,Toyota,Tundra,Limited,,,,
2019,Toyota,Tundra,Platinum,,,,
2019,Toyota,Tundra,SR,,,,
2019,Toyota,Tundra,SR5,,,,
2019,Toyota,Tundra,TRD Pro,,,,
2019,Toyota,Yaris,L,,,,
2019,Toyota,Yaris,LE,,,,
2019,Toyota,Yaris,XLE,,,,
2019,Volkswagen,Atlas,V6 S 4Motion,,,,
2019,Volkswagen,Atlas,V6 SE,,,,
2019,Volkswagen,Atlas,V6 SE 4Motion,,,,
2019,Volkswagen,Atlas,V6 SEL,,,,
2019,Volkswagen,Atlas,V6 SEL 4Motion,,,,
2019,Volkswagen,Atlas,V6 SEL Premium 4Motion,,,,
2019,Volkswagen,Atlas,V6 SEL R-Line,,,,
2019,Volkswagen,Atlas,V6 SEL R-Line 4Motion,,,,
2019,Volkswagen,Beetle,2.0T Final Edition SE,,,,
2019,Volkswagen,Beetle,2.0T Final Edition SEL,,,,
2019,Volkswagen,Beetle,2.0T S,,,,
2019,Volkswagen,Beetle,2.0T SE,,,,
2019,Volkswagen,e-Golf,SE,,,,
2019,Volkswagen,e-Golf,SEL Premium,,,,
2019,Volkswagen,Golf,1.4T S,,,,
2019,Volkswagen,Golf,1.4T SE,,,,
2019,Volkswagen,Golf Alltrack,TSI S 4Motion,,,,
2019,Volkswagen,Golf Alltrack,TSI SE 4Motion,,,,
2019,Volkswagen,Golf Alltrack,TSI SEL 4Motion,,,,
2019,Volkswagen,Golf GTI,Autobahn,,,,
2019,Volkswagen,Golf GTI,Rabbit Edition,,,,
2019,Volkswagen,Golf GTI,S,,,,
2019,Volkswagen,Golf GTI,SE,,,,
2019,Volkswagen,Golf R,w/DCC and Navigation,,,,
2019,Volkswagen,Golf SportWagen,1.4T S,,,,
2019,Volkswagen,Golf SportWagen,1.4T SE,,,,
2019,Volkswagen,Golf SportWagen,1.8T S 4Motion,,,,
2019,Volkswagen,Jetta,1.4T R-Line,,,,
2019,Volkswagen,Jetta,1.4T R-Line ULEV,,,,
2019,Volkswagen,Jetta,1.4T S,,,,
2019,Volkswagen,Jetta,1.4T SE,,,,
2019,Volkswagen,Jetta,1.4T SEL,,,,
2019,Volkswagen,Jetta,1.4T SEL Premium,,,,
2019,Volkswagen,Jetta,1.4T SEL Premium ULEV,,,,
2019,Volkswagen,Jetta,1.4T SEL ULEV,,,,
2019,Volkswagen,Jetta,1.4T SE ULEV,,,,
2019,Volkswagen,Jetta,GLI 35th Anniversary Edition,,,,
2019,Volkswagen,Jetta,GLI Autobahn,,,,
2019,Volkswagen,Passat,2.0T SE R-Line,,,,
2019,Volkswagen,Passat,2.0T Wolfsburg,,,,
2019,Volkswagen,Tiguan,2.0T S,,,,
2019,Volkswagen,Tiguan,2.0T S 4Motion,,,,
2019,Volkswagen,Tiguan,2.0T SE,,,,
2019,Volkswagen,Tiguan,2.0T SE 4Motion,,,,
2019,Volkswagen,Tiguan,2.0T SEL,,,,
2019,Volkswagen,Tiguan,2.0T SEL 4Motion,,,,
2019,Volkswagen,Tiguan,2.0T SEL Premium 4Motion,,,,
2019,Volkswagen,Tiguan,2.0T SEL Premium R-Line 4Motion,,,,
2019,Volkswagen,Tiguan,2.0T SEL R-Line,,,,
2019,Volkswagen,Tiguan,2.0T SEL R-Line 4Motion,,,,
2019,Volvo,S60,T5 Inscription,,,,
2019,Volvo,S60,T5 Momentum,,,,
2019,Volvo,S60,T5 R-Design,,,,
2019,Volvo,S60,T6 Inscription,,,,
2019,Volvo,S60,T6 Momentum,,,,
2019,Volvo,S60,T6 R-Design,,,,
2019,Volvo,S60,T8 eAWD Inscription,,,,
2019,Volvo,S90,T5 Momentum,,,,
2019,Volvo,S90,T6 Inscription,,,,
2019,Volvo,S90,T6 Momentum,,,,
2019,Volvo,S90,T8 eAWD Inscription,,,,
2019,Volvo,V90,T5 Inscription,,,,
2019,Volvo,V90,T6 Inscription,,,,
2019,Volvo,V90,T6 R-Design,,,,
2019,Volvo,V90 Cross Country,T5,,,,
2019,Volvo,V90 Cross Country,T6,,,,
2019,Volvo,V90 Cross Country,T6 Volvo Ocean Race,,,,
2019,Volvo,XC40,T4 R-Design,,,,
2019,Volvo,XC40,T5 Inscription,,,,
2019,Volvo,XC40,T5 Momentum,,,,
2019,Volvo,XC40,T5 R-Design,,,,
2019,Volvo,XC60,T5 Inscription,,,,
2019,Volvo,XC60,T5 Momentum,,,,
2019,Volvo,XC60,T5 R-Design,,,,
2019,Volvo,XC60,T6 Inscription,,,,
2019,Volvo,XC60,T6 Momentum,,,,
2019,Volvo,XC60,T6 R-Design,,,,
2019,Volvo,XC60,T8 eAWD Inscription,,,,
2019,Volvo,XC60,T8 eAWD Momentum,,,,
2019,Volvo,XC60,T8 eAWD R-Design,,,,
2019,Volvo,XC90,T5 Momentum,,,,
2019,Volvo,XC90,T5 R-Design,,,,
2019,Volvo,XC90,T6 Inscription,,,,
2019,Volvo,XC90,T6 Momentum,,,,
2019,Volvo,XC90,T6 R-Design,,,,
2019,Volvo,XC90,T8 eAWD Inscription,,,,
2020,Kia,Soul,EX,,,,
2020,Kia,Soul,GT-Line,,,,
2020,Kia,Soul,X-Line,,,,
2020,Mercedes-Benz,GLE,GLE 350 4MATIC,,,,
2020,Mercedes-Benz,GLE,GLE 450 4MATIC,,,,
2020,Toyota,Corolla,SE,,,,
2020,Toyota,Corolla,XLE,,,,
2020,Toyota,Corolla,XSE,,,,
2020,Toyota,Corolla Hybrid,LE,,,,